<?xml version="1.0" ?>
<LOG_ROOT>
	<PROJECT NAME="top_level_design">
		<CBX_INST_ENTRY INSTANCE_NAME="|top_level_design|digital_tube:U3|lpm_mux:Mux22" CBX_FILE_NAME="mux_5fc.tdf"/>
		<CBX_INST_ENTRY INSTANCE_NAME="|top_level_design|digital_tube:U3|lpm_mux:Mux31" CBX_FILE_NAME="mux_5fc.tdf"/>
		<CBX_INST_ENTRY INSTANCE_NAME="|top_level_design|digital_tube:U3|lpm_mux:Mux4" CBX_FILE_NAME="mux_5fc.tdf"/>
		<CBX_INST_ENTRY INSTANCE_NAME="|top_level_design|digital_tube:U3|lpm_mux:Mux14" CBX_FILE_NAME="mux_ldc.tdf"/>
		<CBX_INST_ENTRY INSTANCE_NAME="|top_level_design|digital_tube:U3|lpm_mux:Mux23" CBX_FILE_NAME="mux_5fc.tdf"/>
		<CBX_INST_ENTRY INSTANCE_NAME="|top_level_design|digital_tube:U3|lpm_mux:Mux32" CBX_FILE_NAME="mux_frc.tdf"/>
		<CBX_INST_ENTRY INSTANCE_NAME="|top_level_design|digital_tube:U3|lpm_mux:Mux5" CBX_FILE_NAME="mux_5fc.tdf"/>
		<CBX_INST_ENTRY INSTANCE_NAME="|top_level_design|digital_tube:U3|lpm_mux:Mux15" CBX_FILE_NAME="mux_5fc.tdf"/>
		<CBX_INST_ENTRY INSTANCE_NAME="|top_level_design|digital_tube:U3|lpm_mux:Mux24" CBX_FILE_NAME="mux_5fc.tdf"/>
		<CBX_INST_ENTRY INSTANCE_NAME="|top_level_design|digital_tube:U3|lpm_mux:Mux33" CBX_FILE_NAME="mux_frc.tdf"/>
		<CBX_INST_ENTRY INSTANCE_NAME="|top_level_design|digital_tube:U3|lpm_mux:Mux6" CBX_FILE_NAME="mux_5fc.tdf"/>
		<CBX_INST_ENTRY INSTANCE_NAME="|top_level_design|digital_tube:U3|lpm_mux:Mux16" CBX_FILE_NAME="mux_ldc.tdf"/>
		<CBX_INST_ENTRY INSTANCE_NAME="|top_level_design|digital_tube:U3|lpm_mux:Mux25" CBX_FILE_NAME="mux_frc.tdf"/>
		<CBX_INST_ENTRY INSTANCE_NAME="|top_level_design|digital_tube:U3|lpm_mux:Mux34" CBX_FILE_NAME="mux_5fc.tdf"/>
		<CBX_INST_ENTRY INSTANCE_NAME="|top_level_design|timing_moudle:U2|lpm_add_sub:Add1" CBX_FILE_NAME="add_sub_2sh.tdf"/>
		<CBX_INST_ENTRY INSTANCE_NAME="|top_level_design|digital_tube:U3|lpm_mux:Mux0" CBX_FILE_NAME="mux_5fc.tdf"/>
		<CBX_INST_ENTRY INSTANCE_NAME="|top_level_design|digital_tube:U3|lpm_mux:Mux17" CBX_FILE_NAME="mux_5fc.tdf"/>
		<CBX_INST_ENTRY INSTANCE_NAME="|top_level_design|digital_tube:U3|lpm_mux:Mux26" CBX_FILE_NAME="mux_frc.tdf"/>
		<CBX_INST_ENTRY INSTANCE_NAME="|top_level_design|timing_moudle:U2|lpm_add_sub:Add2" CBX_FILE_NAME="add_sub_2sh.tdf"/>
		<CBX_INST_ENTRY INSTANCE_NAME="|top_level_design|digital_tube:U3|lpm_mux:Mux1" CBX_FILE_NAME="mux_5fc.tdf"/>
		<CBX_INST_ENTRY INSTANCE_NAME="|top_level_design|digital_tube:U3|lpm_mux:Mux18" CBX_FILE_NAME="mux_5fc.tdf"/>
		<CBX_INST_ENTRY INSTANCE_NAME="|top_level_design|digital_tube:U3|lpm_mux:Mux27" CBX_FILE_NAME="mux_5fc.tdf"/>
		<CBX_INST_ENTRY INSTANCE_NAME="|top_level_design|timing_moudle:U2|lpm_add_sub:Add3" CBX_FILE_NAME="add_sub_2sh.tdf"/>
		<CBX_INST_ENTRY INSTANCE_NAME="|top_level_design|digital_tube:U3|lpm_mux:Mux19" CBX_FILE_NAME="mux_5fc.tdf"/>
		<CBX_INST_ENTRY INSTANCE_NAME="|top_level_design|digital_tube:U3|lpm_mux:Mux2" CBX_FILE_NAME="mux_5fc.tdf"/>
		<CBX_INST_ENTRY INSTANCE_NAME="|top_level_design|digital_tube:U3|lpm_mux:Mux20" CBX_FILE_NAME="mux_5fc.tdf"/>
		<CBX_INST_ENTRY INSTANCE_NAME="|top_level_design|digital_tube:U3|lpm_mux:Mux21" CBX_FILE_NAME="mux_5fc.tdf"/>
		<CBX_INST_ENTRY INSTANCE_NAME="|top_level_design|digital_tube:U3|lpm_mux:Mux29" CBX_FILE_NAME="mux_5fc.tdf"/>
		<CBX_INST_ENTRY INSTANCE_NAME="|top_level_design|digital_tube:U3|lpm_mux:Mux3" CBX_FILE_NAME="mux_5fc.tdf"/>
		<CBX_INST_ENTRY INSTANCE_NAME="|top_level_design|digital_tube:U3|lpm_mux:Mux30" CBX_FILE_NAME="mux_ldc.tdf"/>
	</PROJECT>
</LOG_ROOT>
